id;nombre;apellido;email;telefono;fecha_nacimiento
1;Carlos;Ramirez;carlos.ramirez@gmail.com;3001234567;1990-05-14
2;Maria;Lopez;maria.lopez@hotmail.com;3112345678;1985-08-22
3;Juan;Martinez;juan.martinez@yahoo.com;3201234567;1992-03-10
4;Ana;Garcia;ana.garcia@gmail.com;3151234567;1988-11-30
5;Luis;Hernandez;luis.hernandez@hotmail.com;3001112233;1995-07-18
6;Sofia;Torres;sofia.torres@gmail.com;3109876543;1991-01-25
7;Diego;Vargas;diego.vargas@yahoo.com;3205556677;1987-09-05
8;Valentina;Castro;valentina.castro@gmail.com;3154443322;1993-04-12
9;Andres;Moreno;andres.moreno@hotmail.com;3002223344;1989-12-08
10;Camila;Jimenez;camila.jimenez@gmail.com;3118887766;1996-06-20
11;Pedro;Gonzalez;pedro.gonzalez@yahoo.com;3207778899;1984-02-28
12;Laura;Perez;laura.perez@gmail.com;3153334455;1994-10-03
13;Miguel;Sanchez;miguel.sanchez@hotmail.com;3006667788;1997-07-15
14;Isabela;Rojas;isabela.rojas@gmail.com;3119990011;1986-03-22
15;Jorge;Medina;jorge.medina@yahoo.com;3204445566;1992-09-17
16;Daniela;Reyes;daniela.reyes@gmail.com;3151112233;1990-01-09
17;Alejandro;Cruz;alejandro.cruz@hotmail.com;3003334455;1988-05-26
18;Natalia;Flores;natalia.flores@gmail.com;3116665544;1993-11-14
19;Sebastian;Ortiz;sebastian.ortiz@yahoo.com;3208889900;1995-08-31
20;Paola;Guerrero;paola.guerrero@gmail.com;3152221100;1987-04-07
21;Ricardo;Mendoza;ricardo.mendoza@hotmail.com;3007778899;1991-06-23
22;Sara;Delgado;sara.delgado@gmail.com;3113332211;1996-02-16
23;Felipe;Rios;felipe.rios@yahoo.com;3206664433;1984-10-11
24;Monica;Herrera;monica.herrera@gmail.com;3158880099;1993-07-28
25;Gabriel;Castillo;gabriel.castillo@hotmail.com;3009990011;1989-01-04
26;Paula;Aguilar;paula.aguilar@gmail.com;3117773322;1997-09-19
27;Mateo;Suarez;mateo.suarez@yahoo.com;3205553311;1985-03-06
28;Juliana;Vega;juliana.vega@gmail.com;3156661100;1994-08-24
29;Esteban;Romero;esteban.romero@hotmail.com;3004443322;1990-12-13
30;Adriana;Soto;adriana.soto@gmail.com;3118882200;1992-05-30
